filename,size_bytes,sha256,frontmatter_slug,suggested_slug,effective_slug,order,nav_label,h1,status,qa_score,already_published_by_slug,parser_flags
2026-09-10-are-personal-loan-proceeds-taxable-canceled-debt.md,9103,325d949dd4bba0160d7b236e9104c1b76e7967e78346e3693343cfaa78242d88,are-personal-loan-proceeds-taxable,,are-personal-loan-proceeds-taxable,33,Loan Tax Basics,Are Personal Loan Proceeds Taxable? What Changes if Debt Is Canceled?,,,no,
2026-09-10-bank-vs-credit-union-vs-online-lender-personal-loan.md,12935,aa6940160819af8851345821a6d33beebf58a61ecc332221626574dfbda0932e,bank-vs-credit-union-vs-online-lender-personal-loan,,bank-vs-credit-union-vs-online-lender-personal-loan,31,Bank vs. CU vs. Online,Bank vs. Credit Union vs. Online Lender: Where Should You Look for a Personal Loan?,,,no,
2026-09-10-can-you-cancel-a-personal-loan-after-signing.md,12606,7b4b10a09f225c301e9390d03043a8ee93ce78a69267b27e23090a86a350bfe5,can-you-cancel-a-personal-loan-after-signing,,can-you-cancel-a-personal-loan-after-signing,44,Cancel After Signing,Can You Cancel a Personal Loan After Signing?,,,no,
2026-09-10-can-you-have-more-than-one-personal-loan.md,10201,6a626a42ac61ac98b3b8f8c390721ec99bb68e086d5d6b9acc0ed914155ed93b,can-you-have-more-than-one-personal-loan,,can-you-have-more-than-one-personal-loan,38,Second Personal Loan,Can You Have More Than One Personal Loan? Check the Payment Problem Before You Add Another,,,no,
2026-09-10-can-you-pay-off-a-personal-loan-early.md,11064,580b0741a7782c82acad8493c6881899e9f493a2077cddd6c0cd6b87d0b725a6,,,,,,Can You Pay Off a Personal Loan Early?,Ready to Publish,98/100,no,H3-H6;blockquote;inline_code
2026-09-10-can-you-refinance-a-personal-loan.md,13249,5bc18b4ef7e6910ea0bd0a12230c9fc2de49d427e971d2a841762a82c084b84e,can-you-refinance-a-personal-loan,,can-you-refinance-a-personal-loan,22,Refinance a Personal Loan,Can You Refinance a Personal Loan?,,,no,
2026-09-10-cosigner-vs-co-borrower-on-a-personal-loan.md,12639,b5c6c500db45accc91879050f97227414ef6924542e25c433c8e645093b5710c,,,,,,Cosigner vs. Co-Borrower on a Personal Loan,Ready to Publish,97/100,no,H3-H6;table;blockquote;inline_code
2026-09-10-debt-consolidation-vs-debt-settlement.md,13503,9a231a2e848e67cd4168ab99810e895e63ed5b289baac0c6bc52ccfc01cad3cd,debt-consolidation-vs-debt-settlement,,debt-consolidation-vs-debt-settlement,40,Consolidation vs. Settlement,"Debt Consolidation vs. Debt Settlement: Different Tools, Different Risks",,,no,
2026-09-10-debt-to-income-ratio-personal-loan.md,13022,710ff7362ada9e3e819cd8e23510e15efd4d94ebb79b704fa7b14506146bcc33,,debt-to-income-ratio-personal-loan,debt-to-income-ratio-personal-loan,,,CashPath Help — Ready to Publish: How Debt-to-Income Ratio Can Affect a Personal Loan Decision,Ready to Publish,,no,H3-H6;blockquote;inline_code
2026-09-10-documents-needed-personal-loan-application.md,14992,7a8c486b23d0ebb43a1966057208412ebd821b9d21d86cdaf0adaf446117fb24,,documents-needed-personal-loan-application,documents-needed-personal-loan-application,,,CashPath Help — Ready to Publish: What Documents Might You Need for a Personal Loan Application?,Ready to Publish,,no,H3-H6;blockquote;inline_code
2026-09-10-does-a-personal-loan-affect-credit-utilization.md,11647,169f5cc02902f6fa2bbdbc1d7cb9732d81df84fc712110081e021cc605fe396b,does-a-personal-loan-affect-credit-utilization,,does-a-personal-loan-affect-credit-utilization,43,Credit Utilization,Does a Personal Loan Affect Credit Utilization?,,,no,
2026-09-10-does-applying-for-a-personal-loan-hurt-your-credit.md,12655,78eb8e628da9d7b86b52a9e3e75c017d5a7a53ac11569301d2ffb39236a2efc5,,does-applying-for-a-personal-loan-hurt-your-credit,does-applying-for-a-personal-loan-hurt-your-credit,,,CashPath Help Ready to Publish — Does Applying for a Personal Loan Hurt Your Credit?,QA PASS — Ready to Publish,,no,H3-H6;blockquote;inline_code
2026-09-10-first-personal-loan-with-little-or-no-credit-history.md,10398,066ad81fc98a773b44043e5a8f54b0e7ae22b95254bbd80b8a026ed854715102,first-personal-loan-with-little-or-no-credit-history,,first-personal-loan-with-little-or-no-credit-history,51,First Personal Loan,First Personal Loan With Little or No Credit History: What to Check,,,no,
2026-09-10-how-long-can-a-personal-loan-take-to-fund.md,12728,d5b7883acbe4299742ffdb9f6d2be783db77c65b946d84e610e815f5f4f71a27,,how-long-can-a-personal-loan-take-to-fund,how-long-can-a-personal-loan-take-to-fund,,,CashPath Help Ready to Publish — How Long Can a Personal Loan Take to Fund?,QA PASS — Ready to Publish,,no,H3-H6;blockquote;inline_code
2026-09-10-how-much-personal-loan-payment-can-your-budget-handle.md,12064,35f91eadd16322f9bc323b2ab08f9613f0224da6f56b1459e220f1a1fa07f5b9,,,,,,How Much Personal Loan Payment Can Your Budget Handle?,Ready to Publish,98/100,no,H3-H6;table;blockquote;inline_code
2026-09-10-how-personal-loan-payments-work.md,13930,4d8b1375aef16e08685aea29752d59556f13f99dc805adfd9aebff6ff47d10dd,how-personal-loan-payments-work,,how-personal-loan-payments-work,24,Loan Payments,"How Personal Loan Payments Work: Principal, Interest & Amortization",,,no,H3-H6;table;blockquote
2026-09-10-how-to-spot-a-personal-loan-scam.md,13820,bbd5e47a6ad98c795ab8b477cac595f8e3652499c9a928eab7ba0a7b2d86287b,,how-to-spot-a-personal-loan-scam,how-to-spot-a-personal-loan-scam,,,CashPath Article Ready to Publish — How to Spot a Personal Loan Scam Before You Pay or Share Data,QA PASS — Ready to Publish,,no,H3-H6;blockquote;inline_code
2026-09-10-how-to-stop-automatic-loan-payments-without-canceling-debt.md,11302,638d51421d3a0e38760fdc6ca1aea431310565e613333acfbde0e4b86564c824,how-to-stop-automatic-loan-payments-without-canceling-debt,,how-to-stop-automatic-loan-payments-without-canceling-debt,46,Stop Automatic Payments,How to Stop Automatic Loan Payments Without Canceling the Debt,,,no,
2026-09-10-installment-loan-vs-payday-loan.md,13025,0877a4cd3aec176026fae49cf8dec7f5f0076e4bd53c1a69f7066ca545071592,installment-loan-vs-payday-loan,,installment-loan-vs-payday-loan,26,Installment vs. Payday,Installment Loan vs. Payday Loan: Key Differences,,,no,H3-H6;table;blockquote
2026-09-10-loan-marketplace-vs-lender-vs-referral-service.md,14086,c09982154021cb8f88124f72189a52f88ffe3805d1938b458ece51d900006795,loan-marketplace-vs-lender-vs-referral-service,,loan-marketplace-vs-lender-vs-referral-service,29,Provider Roles,Loan Marketplace vs. Direct Lender vs. Referral Service,,,no,H3-H6;table;blockquote
2026-09-10-personal-loan-agreement-checklist.md,16564,c6d19cd376f0fbd091155a641eeac604f78aee1b74acbeba1fb30dfd024b1952,personal-loan-agreement-checklist,,personal-loan-agreement-checklist,23,Agreement Checklist,Personal Loan Agreement Checklist: What to Review Before Signing,,,no,H3-H6;table;blockquote
2026-09-10-personal-loan-application-denied-what-to-do.md,15303,1235ddd5981d0fa7e9054ad55a42e10af0c9851a92b8b6a7dc6467491d07519b,,personal-loan-application-denied-what-to-do,personal-loan-application-denied-what-to-do,,,CashPath Article — Ready to Publish: What to Do If a Personal Loan Application Is Denied,Ready to Publish,,no,H3-H6;table;blockquote;inline_code
2026-09-10-personal-loan-for-auto-repairs.md,9960,5bf289f11a7d454f5ffc11d0dff75a05409e638440b8e95ab71eb1da276d2e94,personal-loan-for-auto-repairs,,personal-loan-for-auto-repairs,35,Auto Repairs,"Personal Loan for Auto Repairs: Repair, Replace, or Finance?",,,no,
2026-09-10-personal-loan-for-emergency-expenses.md,14678,f99fb27a04b4870ac465342374a075fc44d13f5b9094dbb90e0628b4f2f1c079,personal-loan-for-emergency-expenses,,personal-loan-for-emergency-expenses,27,Emergency Expenses,Personal Loan for Emergency Expenses: Questions to Ask Before Borrowing,,,no,H3-H6;blockquote
2026-09-10-personal-loan-for-home-improvement.md,13515,c12dd3a14415134d702813b1642e3356915e6a1b207f3be82237ba61c092638c,personal-loan-for-home-improvement,,personal-loan-for-home-improvement,28,Home Improvement,Personal Loan vs. Home Equity for Home Improvements,,,no,H3-H6;table;blockquote
2026-09-10-personal-loan-for-medical-bills.md,12597,96d88dbeab3a7d39b5afe87df0c0fc945950a2b68dadd2c52a3a2e70ee5cf0df,personal-loan-for-medical-bills,,personal-loan-for-medical-bills,32,Medical Bills,Personal Loan for Medical Bills: What to Check Before You Borrow,,,no,
2026-09-10-personal-loan-for-moving-expenses.md,10596,7a95bc15560308805f53c6cc6aa1890dd0b3ac6931d8503d8b4b1f9eeffbf4dd,personal-loan-for-moving-expenses,,personal-loan-for-moving-expenses,36,Moving Expenses,Personal Loan for Moving Expenses: Build the Relocation Budget Before You Borrow,,,no,
2026-09-10-personal-loan-for-vacation-cost-trip-and-debt-separately.md,8394,9f8d05aff1fc41040c710b84c711a15a621210ddf47f5608fef7c7aab4181c3e,personal-loan-for-vacation,,personal-loan-for-vacation,54,Vacation Loan,Personal Loan for a Vacation: Cost the Trip and the Debt Separately,,,no,
2026-09-10-personal-loan-for-wedding-budget-first.md,9229,9ca27b8b13659c02a52ea7111b822fc15b2f211eebd6ea5535994c22bec4e84e,personal-loan-for-wedding,,personal-loan-for-wedding,53,Wedding Loan,Personal Loan for a Wedding: Build the Budget Before You Borrow,,,no,
2026-09-10-personal-loan-payoff-amount-vs-current-balance.md,10151,ad029ed8889c66e35938cfdc36b1b29a6f942c5d495696fc5775c0b6cecde422,personal-loan-payoff-amount-vs-current-balance,,personal-loan-payoff-amount-vs-current-balance,47,Payoff vs. Balance,Personal Loan Payoff Amount vs. Current Balance: Why They Can Differ,,,no,
2026-09-10-personal-loan-prequalification-vs-preapproval.md,11557,86b0e595cbe1f20662b5d79218b0dd29691252ecde64ddde07aa92adb8daa7af,personal-loan-prequalification-vs-preapproval,,personal-loan-prequalification-vs-preapproval,37,Prequalification vs. Preapproval,Personal Loan Prequalification vs. Preapproval: What Do the Labels Really Mean?,,,no,blockquote
2026-09-10-personal-loan-request-vs-application-vs-approval-v2.md,17182,ae97628c480fade4036c5c6ed0c77be06793c1d70b12ce45dae3e19d99d08952,,personal-loan-request-vs-application-vs-approval,personal-loan-request-vs-application-vs-approval,,,CashPath Article — Ready to Publish: Personal Loan Request vs. Application vs. Approval,Ready to Publish,,no,H3-H6;table;blockquote;inline_code
2026-09-10-personal-loan-request-vs-application-vs-approval.md,14498,93cc29ac47e8323b7ffc5ef3464fc42553bc59add3fbdb4df987e4d47717222e,,personal-loan-request-vs-application-vs-approval,personal-loan-request-vs-application-vs-approval,,,CashPath Article Ready to Publish — Personal Loan Request vs. Application vs. Approval,QA PASS — Ready to Publish,,no,H3-H6;table;blockquote;inline_code
2026-09-10-personal-loan-requirements.md,15852,df3f03e5e0645ca2e662bf1f9b48dc47016db319c88cacfa23bf695b328fee3f,,personal-loan-requirements,personal-loan-requirements,,,CashPath Help — Ready to Publish: Personal Loan Requirements: What Providers May Check Before Approval,Ready to Publish,,no,H3-H6;blockquote;inline_code
2026-09-10-personal-loan-self-employed-income-documentation.md,13401,a36f1ae238a39c73cd1805647a7d9f59969e0ffe8a550f8d2dc137553bc1f5cc,personal-loan-self-employed-income-documentation,,personal-loan-self-employed-income-documentation,30,Self-Employed Income,Personal Loan When You’re Self-Employed: How to Prepare Your Income Documents,,,no,
2026-09-10-personal-loan-vs-401k-loan.md,12874,60dfe3b86e029ef2d5aa2ad72f2d84d0e08df69883a8de4d5521d5701fd11f36,personal-loan-vs-401k-loan,,personal-loan-vs-401k-loan,42,Personal vs. 401(k) Loan,Personal Loan vs. 401(k) Loan: Compare More Than the Interest Rate,,,no,
2026-09-10-personal-loan-vs-auto-loan-buying-a-car.md,10554,863fed69429138b5f60442e29b3a11f4c66a3a8706273fcacc4cd6b026c17cf8,personal-loan-vs-auto-loan-buying-a-car,,personal-loan-vs-auto-loan-buying-a-car,41,Personal vs. Auto Loan,Personal Loan vs. Auto Loan: Which Financing Structure Fits a Car Purchase?,,,no,
2026-09-10-personal-loan-vs-credit-card-cash-advance.md,12079,9aee24f72ed37d693d8406fa530585fc2bf584484da20e9e16f33ea406ccc642,personal-loan-vs-credit-card-cash-advance,,personal-loan-vs-credit-card-cash-advance,48,Loan vs. Cash Advance,Personal Loan vs. Credit Card Cash Advance: Compare the Actual Cost,,,no,
2026-09-10-personal-loan-vs-irs-payment-plan.md,10481,2d39a60c6d6e7b3b9ac8482eda8188ed93a01235ec119bbec97910b00d8cc3f7,personal-loan-vs-irs-payment-plan,,personal-loan-vs-irs-payment-plan,34,Loan vs. IRS Plan,Personal Loan to Pay Taxes vs. an IRS Payment Plan,,,no,
2026-09-10-personal-loan-vs-line-of-credit.md,14926,ae6c69319414305ad013468b4c024ff2ba16dd9be4f0b1681509f29d97b34d9e,personal-loan-vs-line-of-credit,,personal-loan-vs-line-of-credit,25,Loan vs. Credit Line,Personal Loan vs. Personal Line of Credit: Key Differences,,,no,H3-H6;table;blockquote
2026-09-10-personal-loans-with-bad-credit-comparison-checklist.md,12664,080838025d91b6780cc8e052a68bc14aa23a64ac22835e2ac358f32e4cb8c38a,personal-loans-with-bad-credit-comparison-checklist,,personal-loans-with-bad-credit-comparison-checklist,39,Bad Credit Checklist,Personal Loans With Bad Credit: How to Compare Options Without Falling for the Wrong Promise,,,no,
2026-09-10-secured-vs-unsecured-personal-loan.md,10671,84f4a4a68dee6caabe64f4bc543f0bb818cec8c91c3648797df26c7564b12577,secured-vs-unsecured-personal-loan,,secured-vs-unsecured-personal-loan,19,Secured vs. Unsecured,Secured vs. Unsecured Personal Loan: What’s the Difference?,,,no,
2026-09-10-short-vs-long-personal-loan-term.md,12453,12f031249e5ebc063ea8cf6f6cfac6f08ea152df5587dbf880f35aa24a30815d,,,,,,Personal Loan Term: Monthly Payment vs. Total Cost,Ready to Publish,98/100,no,H3-H6;table;blockquote;inline_code
2026-09-10-should-you-use-a-personal-loan-for-debt-consolidation.md,13452,098d49c8d9e790202741384ec63aa7babc2c263ccae2e56d2a3fd387d5b5f5fc,,,,,,Should You Use a Personal Loan for Debt Consolidation?,Ready to Publish,98/100,no,H3-H6;table;blockquote;inline_code
2026-09-10-someone-opened-a-loan-in-my-name.md,11476,8a62e4253bc3625b8f293bd27857827760f11a96ad3df3bca59b7972588112f1,someone-opened-a-loan-in-my-name,,someone-opened-a-loan-in-my-name,50,Loan Identity Theft,Someone Opened a Loan in Your Name? What to Do Next,,,no,
2026-09-10-unexpected-live-check-loan-in-mail.md,10576,750a45d2faf7550979ea8b922368f12a31766cee3d021f5d851e9a360e45e25b,unexpected-live-check-loan-in-mail,,unexpected-live-check-loan-in-mail,49,Live Check Loan,Unexpected Check in the Mail? How to Tell If It Is a Live Check Loan,,,no,
2026-09-10-what-can-you-use-a-personal-loan-for.md,12018,37913cb8a26745bc1ae9aa7a63da7df58554596e0c1ac67a6ea1f58e17b9fab2,what-can-you-use-a-personal-loan-for,,what-can-you-use-a-personal-loan-for,52,Personal Loan Uses,What Can You Use a Personal Loan For? Check the Agreement First,,,no,
2026-09-10-what-does-no-credit-check-personal-loan-mean.md,11511,2719fc110c2b4d26104d869472f4df8d599b52941884c09a736cbef247f7a4c9,what-does-no-credit-check-personal-loan-mean,,what-does-no-credit-check-personal-loan-mean,20,No Credit Check Explained,What Does “No Credit Check” Personal Loan Really Mean?,,,no,
2026-09-10-what-happens-if-you-miss-a-personal-loan-payment.md,11104,1022d6b3795e7bf33fc83209fef148fc58266e25a39ddbc5ac57b8a3ecd24c30,what-happens-if-you-miss-a-personal-loan-payment,,what-happens-if-you-miss-a-personal-loan-payment,21,Missed a Loan Payment,What Happens If You Miss a Personal Loan Payment?,,,no,
2026-09-10-what-happens-to-credit-report-after-paying-off-personal-loan.md,10393,ce5c3709239b2fa8b2fbf8247fb79221f0cf9c65af61ba6cc648ab0a48984b94,what-happens-to-credit-report-after-paying-off-personal-loan,,what-happens-to-credit-report-after-paying-off-personal-loan,45,Credit Report After Payoff,What Happens to Your Credit Report After You Pay Off a Personal Loan?,,,no,
2026-09-10-what-is-a-personal-loan-origination-fee.md,12672,e0b39c29324972f477ae716d78cff56496cff9c2d7f7aa78641b43a759036f56,,what-is-a-personal-loan-origination-fee,what-is-a-personal-loan-origination-fee,,,CashPath Help Ready to Publish — What Is a Personal Loan Origination Fee?,QA PASS — Ready to Publish,,no,H3-H6;blockquote;inline_code
2026-09-11-1717-personal-loan-for-car-lease-buyout.md,20735,5c7da213b9de208692fd83101033703043ce0637314fea758aafddfb13557346,,,,,,Can You Use a Personal Loan for a Car Lease Buyout?,,,no,inline_code
2026-09-11-1717-personal-loan-to-pay-off-car-loan-vs-auto-refinance.md,26382,987516ddaa667a1201da8ed379ec68b9bda75374e8426867550e7bcc22fe982f,,,,,,Personal Loan to Pay Off a Car Loan vs. Auto Refinance,,,no,inline_code
2026-09-11-balance-transfer-card-vs-personal-loan-credit-card-debt.md,13459,ee122d4453171839caad09cdf2d6744c9e374736dc91efc75f6d04b2b59f0e10,balance-transfer-card-vs-personal-loan-credit-card-debt,,balance-transfer-card-vs-personal-loan-credit-card-debt,55,Balance Transfer vs Loan,Balance Transfer Card vs. Personal Loan for Credit Card Debt,,,no,
2026-09-11-buy-now-pay-later-vs-personal-loan.md,20435,35ab10b4d5547ec6241e349baba52a29e1dbbe9b2c1b110790c91877555d092d,buy-now-pay-later-vs-personal-loan,,buy-now-pay-later-vs-personal-loan,72,BNPL vs Personal Loan,"Buy Now, Pay Later vs. Personal Loan: Compare the Actual Purchase Plan",,,no,
2026-09-11-car-title-loan-vs-personal-loan.md,14229,d03cf2db6406283cae92e18ad03bda849d9ca825289a57abe6ecd28c53b627d0,car-title-loan-vs-personal-loan,,car-title-loan-vs-personal-loan,67,Title Loan vs Personal Loan,Car Title Loan vs. Personal Loan: Start With What You Could Lose,,,no,
2026-09-11-credit-builder-loan-vs-personal-loan.md,12863,d04934addb1e79f0ea72109d0a619487e6cc31f7910245d9c822dd4575615a76,credit-builder-loan-vs-personal-loan,,credit-builder-loan-vs-personal-loan,59,Credit-Builder vs Loan,Credit-Builder Loan vs. Personal Loan: Do You Need Cash or Credit History?,,,no,
2026-09-11-credit-card-hardship-program-vs-personal-loan.md,16812,12fa95e158942baedaf3188c5ad6df17527d3df0ff4c7607345ca1326ee3eccd,credit-card-hardship-program-vs-personal-loan,,credit-card-hardship-program-vs-personal-loan,69,Card Hardship vs Loan,Credit Card Hardship Program vs. Personal Loan: Ask Your Card Issuer Before Replacing Debt,,,no,
2026-09-11-debt-collector-calling-personal-loan-validation-rights.md,31152,cf161e48349387df331f0da669e10b30162d047706df75c735a52f2102fb2912,debt-collector-calling-personal-loan-validation-rights,,debt-collector-calling-personal-loan-validation-rights,93,Debt Collector Validation,Debt Collector Calling About a Personal Loan? How to Verify the Debt and Protect Your Rights,,,no,
2026-09-11-debt-management-plan-vs-personal-loan-debt-consolidation.md,13981,3438904acfb5151c56b1ba3d8dc328a12d84dcb6534b81168b1543d068ac182c,debt-management-plan-vs-personal-loan-debt-consolidation,,debt-management-plan-vs-personal-loan-debt-consolidation,65,DMP vs Personal Loan,Debt Management Plan vs. Personal Loan for Debt Consolidation: Two Different Ways to Reorganize Debt,,,no,
2026-09-11-earned-wage-access-vs-personal-loan.md,14464,a40ac69a1b91021cbd8e75ca44dc09704c21c478774c497959d1255079548126,earned-wage-access-vs-personal-loan,,earned-wage-access-vs-personal-loan,66,Earned Wage Access,Earned Wage Access vs. Personal Loan: Are You Moving Payday or Taking on New Debt?,,,no,
2026-09-11-fixed-vs-variable-rate-personal-loan.md,16197,91161e9849dbf9140649c0d663118cea689ce82f65eb32e1b79435a686054007,fixed-vs-variable-rate-personal-loan,,fixed-vs-variable-rate-personal-loan,77,Fixed vs. Variable Rate,"Fixed vs. Variable Rate Personal Loan: Compare the Contract, Not a Rate Forecast",,,no,
2026-09-11-old-personal-loan-time-barred-debt-statute-limitations.md,20858,a9b2423fc90b504b20d70d6532eaa7b1fe4030b5288e0ff7c87b376da0edf32b,old-personal-loan-time-barred-debt-statute-limitations,,old-personal-loan-time-barred-debt-statute-limitations,91,Old Debt & Time Limits,Old Personal Loan Debt: What the Statute of Limitations Can and Cannot Change,,,no,
2026-09-11-pawnshop-loan-vs-personal-loan.md,19711,0a394116e2dbd41626fd81899f8cec0e613e07c05e382d862a8b43f47928f4ef,pawnshop-loan-vs-personal-loan,,pawnshop-loan-vs-personal-loan,86,Pawnshop Loan vs Personal Loan,"Pawnshop Loan vs. Personal Loan: Collateral, Cost, and Redemption Risk",,,no,
2026-09-11-payday-alternative-loan-vs-personal-loan.md,19198,6c89ec342a4164d31cd7d96e93e0c5bc738129d100054ed064c8b76cf1540951,payday-alternative-loan-vs-personal-loan,,payday-alternative-loan-vs-personal-loan,71,PAL vs Personal Loan,Payday Alternative Loan vs. Personal Loan: Compare the Actual Terms,,,no,
2026-09-11-personal-loan-after-bankruptcy.md,17583,b27a164679b99641f355687c0de8cb9642006428baa81e31707ff3e7befa38de,personal-loan-after-bankruptcy,,personal-loan-after-bankruptcy,68,After Bankruptcy,Personal Loan After Bankruptcy: What Changes During a Case and After Discharge,,,no,
2026-09-11-personal-loan-charge-off-vs-collections.md,19528,0d7a27d18c4445c1026c771bdc960c8950c4da907eedf5db9470593be522d4f6,personal-loan-charge-off-vs-collections,,personal-loan-charge-off-vs-collections,85,Personal Loan Charge-Off,What Does a Personal Loan Charge-Off Mean? Charge-Off vs. Collections and Forgiveness,,,no,
2026-09-11-personal-loan-cosigner-vs-co-borrower.md,17941,860b675c24fab86e23ba1fb6c176ad368152e3fc0235b87c1a61795f3c059b4c,personal-loan-cosigner-vs-co-borrower,,personal-loan-cosigner-vs-co-borrower,90,Cosigner vs Co-Borrower,Personal Loan With a Cosigner vs. Co-Borrower: What Changes Before You Sign?,,,no,
2026-09-11-personal-loan-credit-insurance-loan-protection.md,12285,943d58920d765f02a692d5fa4c371df5aeda09289c62c283f0459e33e49764ed,personal-loan-credit-insurance-loan-protection,,personal-loan-credit-insurance-loan-protection,60,Loan Protection,Personal Loan Credit Insurance and Loan Protection: What to Check Before You Agree,,,no,
2026-09-11-personal-loan-credit-report-error-what-to-do.md,13258,a555503544dbe4ceea36cb2f2976da259d3f09ad7ba7bf019398aa58d0e0453a,personal-loan-credit-report-error-what-to-do,,personal-loan-credit-report-error-what-to-do,56,Credit Report Error,Personal Loan Reporting Error on Your Credit Report: What to Do,,,no,
2026-09-11-personal-loan-for-adoption.md,18280,341a852999593e8c64ba4dbdcba3b41da7092aeee8e405e7f0a954dffbb8df7f,personal-loan-for-adoption,,personal-loan-for-adoption,75,Personal Loan for Adoption,Personal Loan for Adoption: Build the Expense Timeline Before You Borrow,,,no,
2026-09-11-personal-loan-for-child-care-daycare.md,21164,361f6d1e04382c51ee8f65481d9dc9572513a6f5794a2530781e007cd726de47,personal-loan-for-child-care-daycare,,personal-loan-for-child-care-daycare,80,Child Care & Daycare,Personal Loan for Child Care or Daycare? Check Assistance Before Adding Another Monthly Payment,,,no,
2026-09-11-personal-loan-for-funeral-expenses-itemize-before-financing.md,13358,4d651f94983ca73abf19bfa73adeaf5daba9d684d578bb1832fd05f9f98eeb02,personal-loan-for-funeral-expenses-itemize-before-financing,,personal-loan-for-funeral-expenses-itemize-before-financing,58,Funeral Expenses,Personal Loan for Funeral Expenses: Itemize the Cost Before You Finance It,,,no,
2026-09-11-personal-loan-for-home-down-payment-mortgage-rules.md,12392,3fa9b0c489ee255e6fb817f898728fbee14c6c30a72fc499017c61fd4a141c91,personal-loan-for-home-down-payment-mortgage-rules,,personal-loan-for-home-down-payment-mortgage-rules,64,Home Down Payment,Can You Use a Personal Loan for a Home Down Payment? Check the Mortgage Rules First,,,no,
2026-09-11-personal-loan-for-immigration-uscis-fees.md,20950,4deec8e04b25ee49ba2ba2618227d1a80ba542c0669677639d3a8a3557ed0632,personal-loan-for-immigration-uscis-fees,,personal-loan-for-immigration-uscis-fees,78,Immigration & USCIS Fees,Personal Loan for Immigration or USCIS Fees? Verify the Filing Cost Before Borrowing,,,no,
2026-09-11-personal-loan-for-ivf-fertility-treatment.md,17949,be5d51ccc459f21a10d2ff54dbcc356971716d32f07e192497e6a79ae261ede2,personal-loan-for-ivf-fertility-treatment,,personal-loan-for-ivf-fertility-treatment,79,IVF & Fertility Treatment,"Personal Loan for IVF or Fertility Treatment: Finance the Verified Gap, Not a Headline Cost",,,no,
2026-09-11-personal-loan-for-legal-fees.md,17020,4b87f1f8342681e79738e1dc0483bd7bf95b3f2c14d8a39f60b5ffea02dc4807,personal-loan-for-legal-fees,,personal-loan-for-legal-fees,70,Legal Fees,Personal Loan for Legal Fees: Price the Legal Need Before You Borrow,,,no,
2026-09-11-personal-loan-for-medical-bills-2026-reporting-update.md,19404,517ec6608c0f78eb701173deac38594ddf5d401cd47549818d6b5a8b71046eb1,personal-loan-for-medical-bills,,personal-loan-for-medical-bills,32,Medical Bills,Personal Loan for Medical Bills: What to Check Before You Borrow,,,no,
2026-09-11-personal-loan-for-rent.md,15392,a2302bfb55ef5a493ab15670015516d34348d61b4eefa388d437da859e0be486,personal-loan-for-rent,,personal-loan-for-rent,74,Personal Loan for Rent,Personal Loan for Rent? Solve the Housing Gap Before Adding a New Payment,,,no,
2026-09-11-personal-loan-for-utility-bills.md,17543,1481c575d65848277f5b90d93f176d65102da4906a400e89274593dc055833f8,personal-loan-for-utility-bills,,personal-loan-for-utility-bills,76,Utility Bills,Personal Loan for Utility Bills? Check Assistance Before Adding Another Monthly Payment,,,no,
2026-09-11-personal-loan-for-vet-bills.md,14819,ca07367765e4b63a3759b8edb8de29ee223de6ea8547bf821f7dcfb5fc3ef5ed,personal-loan-for-vet-bills,,personal-loan-for-vet-bills,81,Vet Bills,Personal Loan for Vet Bills: Price the Care Need Before You Finance It,,,no,
2026-09-11-personal-loan-hardship-payment-assistance.md,20768,052b821a1e48061da24eb2819acd1c632d416f1910fb5cbe55766e43d0f1ae88,personal-loan-hardship-payment-assistance,,personal-loan-hardship-payment-assistance,82,Personal Loan Hardship,Personal Loan Hardship or Payment Assistance: What to Ask Before You Miss a Payment,,,no,
2026-09-11-personal-loan-on-disability-ssi-ssdi.md,20827,cbe5a592292415c9e89be5ee860d852f4ee9a3c7ed0eb9e442a9ed0385494d0c,personal-loan-on-disability-ssi-ssdi,,personal-loan-on-disability-ssi-ssdi,84,Personal Loan on Disability,"Personal Loan on Disability, SSI, or SSDI: What to Know Before You Borrow",,,no,
2026-09-11-personal-loan-prequalification-vs-preapproval.md,16677,05e6d6cd52c4ffce9832934866b453f1bdb74b73ec2a381cebbb84f595c2287e,personal-loan-prequalification-vs-preapproval,,personal-loan-prequalification-vs-preapproval,89,Prequalification vs Preapproval,Personal Loan Prequalification vs. Preapproval: What to Know Before You Apply,,,no,
2026-09-11-personal-loan-to-pay-taxes-vs-irs-payment-plan.md,32118,cf12f6ada57489a08879f24dc2542510627f110b85f8edfdfa089e49ace03bb3,personal-loan-to-pay-taxes-vs-irs-payment-plan,,personal-loan-to-pay-taxes-vs-irs-payment-plan,96,Tax Bill vs. IRS Plan,Personal Loan to Pay a Tax Bill vs. IRS Payment Plan,,,no,
2026-09-11-personal-loan-vs-business-loan-business-use.md,13209,7be2a3bc80c91aa6f43566d1feed488b5e1e711378434982b8eca81648a4a837,personal-loan-vs-business-loan-business-use,,personal-loan-vs-business-loan-business-use,61,Personal vs Business Loan,Personal Loan vs. Business Loan: Can You Use a Personal Loan for Business?,,,no,
2026-09-11-personal-loan-vs-credit-card-cash-advance.md,30565,e59d6f2753b3841f9a77e86d4606d6e2d790a062f3ff290f293ad36ea70d7b79,personal-loan-vs-credit-card-cash-advance,,personal-loan-vs-credit-card-cash-advance,97,Loan vs. Cash Advance,"Personal Loan vs. Credit Card Cash Advance: Cost, Timing, and Repayment",,,no,
2026-09-11-personal-loan-vs-heloc-home-equity-debt-consolidation.md,12791,4185d766ca9fc188c47ed32e45c69d2a571b167781fc8080bb591ca6abcae800,personal-loan-vs-heloc-home-equity-debt-consolidation,,personal-loan-vs-heloc-home-equity-debt-consolidation,63,Loan vs HELOC,Personal Loan vs. HELOC or Home Equity Loan for Debt Consolidation,,,no,
2026-09-11-personal-loan-vs-personal-line-of-credit.md,30491,b58364be21de5004c29b91366551dee83df91f4cb05be9b948eb71a6364aa574,personal-loan-vs-personal-line-of-credit,,personal-loan-vs-personal-line-of-credit,95,Loan vs. Line of Credit,Personal Loan vs. Personal Line of Credit: Lump Sum or Reusable Credit?,,,no,
2026-09-11-personal-loan-vs-private-student-loan-education-costs.md,14069,da343413596520501f7a8b850b6fb7a3d4f180c9bdfdea49506aa19939cc010b,personal-loan-vs-private-student-loan-education-costs,,personal-loan-vs-private-student-loan-education-costs,57,Personal vs Student Loan,Personal Loan vs. Private Student Loan for Education Costs,,,no,
2026-09-11-personal-loan-wage-garnishment-bank-account-benefits.md,30107,198b0d71e382454a3c04d3496042a631722614da5c5c42ef19fbdb59604d5fc8,personal-loan-wage-garnishment-bank-account-benefits,,personal-loan-wage-garnishment-bank-account-benefits,92,Garnishment & Judgments,"Can a Personal Loan Creditor Garnish Your Wages, Bank Account, or Benefits?",,,no,
2026-09-11-personal-loan-without-a-job.md,17933,f6bfbb58a7f2a05a9213ec96035e58e38b527df3f84d1cc34191be055ad611fd,personal-loan-without-a-job,,personal-loan-without-a-job,73,Loan Without a Job,Can You Get a Personal Loan Without a Job? Start With the Income Question,,,no,
2026-09-11-personal-loans-for-military-members-scra-vs-mla.md,18210,bbdd91c3fee883bbc4991dd3e0edd6e09854dd4f8d089a4aa019fb0364d1dc30,personal-loans-for-military-members-scra-vs-mla,,personal-loans-for-military-members-scra-vs-mla,87,Military: SCRA vs MLA,Personal Loans for Military Members: SCRA vs. MLA Protections,,,no,
2026-09-11-secured-vs-unsecured-personal-loan.md,30176,b9e6b7e2def17d3eb566974856560f43a0b83ddbf5bfd7244b20c624e4c01325,secured-vs-unsecured-personal-loan,,secured-vs-unsecured-personal-loan,94,Secured vs. Unsecured,"Secured vs. Unsecured Personal Loans: Collateral, Cost, and Default Risk",,,no,
2026-09-11-small-personal-loan-500-to-5000-comparison-guide.md,11588,1ba4897b8a30efd2df86ad22957d4566c494b7cfd615f0780829ba7927bef780,small-personal-loan-500-to-5000-comparison-guide,,small-personal-loan-500-to-5000-comparison-guide,62,Small Personal Loan,"Small Personal Loan: How to Compare a $500-$5,000 Borrowing Need",,,no,
2026-09-11-someone-took-out-personal-loan-in-my-name.md,17219,53007fd035f65e1c19bc0d3f6840d05b4e34879138269a41402bb13f5f08c3c9,someone-took-out-personal-loan-in-my-name,,someone-took-out-personal-loan-in-my-name,88,Loan Identity Theft,Someone Took Out a Personal Loan in My Name: What to Do Next,,,no,
2026-09-11-what-happens-to-personal-loan-when-borrower-dies.md,21155,ebc3f158160f038f4f87bbcd458d6231b33bd59cdf0071efab2b697b7fd6c73f,what-happens-to-personal-loan-when-borrower-dies,,what-happens-to-personal-loan-when-borrower-dies,83,Loan After a Borrower Dies,What Happens to a Personal Loan When the Borrower Dies?,,,no,
2026-09-12-1822-personal-loan-for-insurance-deductible.md,19640,9695e91cca6aeb72e44ed5a4d95077686d2018682395db79e6eb77fe68e6219e,personal-loan-for-insurance-deductible,,personal-loan-for-insurance-deductible,100,Insurance Deductible,Personal Loan for a Home or Auto Insurance Deductible: Confirm the Gap Before You Borrow,,,yes,
2026-09-12-1822-personal-loan-vs-sba-disaster-loan.md,22503,e790c26232e6d7ef1dbde77b7c49dd160325d4101a27500a0f7f03dfc64aa016,personal-loan-vs-sba-disaster-loan,,personal-loan-vs-sba-disaster-loan,101,SBA Disaster Loan,Personal Loan vs. SBA Disaster Loan for Disaster Recovery: Check Official Assistance First,,,yes,
2026-09-12-1922-appliance-financing-personal-loan-vs-store-bnpl-rent-to-own.md,26258,f92543b185cb4a19b7a90839903eea1f3155b1a35e5d17b78214da5bf949f781,appliance-financing-personal-loan-vs-store-bnpl-rent-to-own,,appliance-financing-personal-loan-vs-store-bnpl-rent-to-own,102,Appliance Financing,"Appliance Financing: Compare a Personal Loan, Store Financing, BNPL, and Rent-to-Own",,,yes,
2026-09-12-1922-personal-loan-for-dental-work.md,24316,1b6f5774544dba6a49fe1c426c34f18eee5206ac93a0b0e2bc73e16f5b860fe3,personal-loan-for-dental-work,,personal-loan-for-dental-work,103,Dental Work,"Dental Work Financing: Compare a Personal Loan, Dental Payment Plan, and Medical Credit Card",,,yes,
2026-09-12-2119-hvac-financing-personal-loan-vs-contractor-heloc.md,30694,e523bfe095ef354c3a65d8fccf533837979ad27229a8fbed9862b07564c19bf0,hvac-financing-personal-loan-vs-contractor-heloc,,hvac-financing-personal-loan-vs-contractor-heloc,104,HVAC Financing,"HVAC Financing: Compare a Personal Loan, Contractor Financing, and a HELOC",,,yes,
2026-09-12-2221-home-ev-charger-installation-financing.md,22841,e379a64e09d87a1b9d0aabcc5bde10e0c2eebbda5b77e846b47fdb946b1c41be,home-ev-charger-installation-financing,,home-ev-charger-installation-financing,106,EV Charger Financing,Home EV Charger Financing in 2026: Compare Your Installation Payment Options,,,yes,
2026-09-12-2221-solar-panel-financing-personal-loan-vs-solar-loan-lease-ppa.md,28260,67440e17275b7ef9b87cec5d5de2b62a6073425631652d7cad30c619dc860dd6,solar-panel-financing-personal-loan-vs-solar-loan-lease-ppa,,solar-panel-financing-personal-loan-vs-solar-loan-lease-ppa,105,Solar Financing,"Solar Panel Financing in 2026: Compare Loans, Leases, PPAs, and Home Equity",,,yes,
